"project_id","unique_id","rds_id"
"P1001","","1001"
"P1002","","1002"
"P1003","LN26CC53","1003"
"P1004","","1004"
"P1005","JJ3OC40","1005"
"P1006","AE27CZ39","1006"
"P1007","WA29AI48","1007"
"P1008","","1008"
"P1014","","1014"
"P1015","JS21MZ59","1015"
"P1017","","1017"
"P1018","RA27RZ47","1018"
"P1019","EA7MM36","1019"
"P1020","FM3ME50","1020"
"P1022","","1022"
"P1023","","1023"
"P1024","EO1RZ47","1024"
"P1025","","1025"
"P1026","SN24NM44","1026"
"P1027","","1027"
"P1028","EM10DR48","1028"
"P1029","CO18RZ47","1029"
"P1031","MM16NZ58","1031"
"P1032","RE21VA52","1032"
"P1033","VA23CD59","1033"
"P1034","","1034"
"P1036","","1036"
"P1037","","1037"
"P1038","","1038"
"P1039","","1039"
"P1040","","1040"
"P1047","","1047"
"P1048","HM5MR49","1048"
"P1049","AJ16II43","1049"
"P1050","EM17CA49","1050"
"P1051","","1051"
"P1052","","1052"
"P1056","","1056"
"P1058","","1058"
"P1059","JF19OZ40","1059"
"P1060","","1060"
"P1061","","1061"
"P1062","","1062"
"P1063","VA21IS51","1063"
"P1064","","1064"
"P1068","","1068"
"P1069","","1069"
"P1070","PD25RC34","1070"
"P1072","","1072"
"P1073","","1073"
"P1074","","1074"
"P1075","","1075"
"P1076","HO30AM55","1076"
"P1077","","1077"
"P1078","","1078"
"P1079","JS9BC60","1079"
"P1080","","1080"
"P1081","","1081"
"P1084","","1084"
"P1085","OM30LZ32","1085"
"P1086","CD13JJ39","1086"
"P1087","","1087"
"P1088","CF24AZ32","1088"
"P1089","","1089"
"P1090","","1090"
"P1091","JM11CZ42","1091"
"P1096","","1096"
"P1097","CN3MJ49","1097"
"P1099","","1099"
"P1100","KN22MR35","1100"
"P1101","XJ26RA30","1101"
"P1102","","1102"
"P1103","GS5MZ30","1103"
"P1104","","1104"
"P1105","","1105"
"P1106","LS23MI46","1106"
"P1107","AE22LZ25","1107"
"P1109","","1109"
"P1114","","1114"
"P1122","","1122"
"P1123","","1123"
"P1124","","1124"
"P1125","OA7MJ30","1125"
"P1127","JM28GF41","1127"
"P1128","","1128"
"P1129","","1129"
"P1130","AA13AZ45","1130"
"P1131","","1131"
"P1132","","1132"
"P1133","","1133"
"P1134","LE15JW34","1134"
"P1135","JD4MC56","1135"
"P1137","","1137"
"P1138","","1138"
"P1139","OO30HJ40","1139"
"P1140","","1140"
"P1142","","1142"
"P1146","DO1BE60","1146"
"P1149","CN4IZ34","1149"
"P1150","","1150"
"P1151","","1151"
"P1154","AM10MJ37","1154"
"P1155","JA17CJ35","1155"
"P1158","","1158"
"P1159","","1159"
"P1160","","1160"
"P1164","","1164"
"P1165","","1165"
"P1166","","1166"
"P1167","WS2OM40","1167"
"P1168","BJ21JC47","1168"
"P1169","WO16AJ58","1169"
"P1170","","1170"
"P1171","","1171"
"P1173","","1173"
"P1174","","1174"
"P1175","JJ16RC39","1175"
"P1176","","1176"
"P1177","BE30EL59","1177"
"P1179","","1179"
"P1181","","1181"
"P1182","LM27CA38","1182"
"P1185","","1185"
"P1186","","1186"
"P1187","CA27GB37","1187"
"P1194","","1194"
"P1197","","1197"
"P1198","","1198"
"P1199","JJ10MM35","1199"
"P1200","SO10IJ52","1200"
"P1201","","1201"
"P1202","JD8MA38","1202"
"P1203","RE13FZ28","1203"
"P1212","RN8SZ23","1212"
"P1213","","1213"
"P1214","MJ8LZ46","1214"
"P1224","","1224"
"P1226","","1226"
"P1231","","1231"
"P1232","","1232"
"P1233","","1233"
"P1235","","1235"
"P1240","","1240"
"P1241","","1241"
"P1248","CM27MZ43","1248"
"P1249","","1249"
"P1250","JA27LM41","1250"
"P1257","","1257"
"P1258","","1258"
"P1274","CM14AJ43","1274"
"P1275","","1275"
"P1276","JD25MZ45","1276"
"P1278","","1278"
"P1279","","1279"
"P1280","","1280"
"P1284","","1284"
"P1285","","1285"
"P1286","","1286"
"P1293","PM1AY37","1293"
"P1296","","1296"
"P1297","","1297"
"P1298","","1298"
"P1300","","1300"
"P1301","","1301"
"P1305","","1305"
"P1306","","1306"
"P1307","","1307"
"P1313","","1313"
"P1320","","1320"
"P1321","","1321"
"P1322","","1322"
"P1324","","1324"
"P1325","","1325"
"P1329","","1329"
"P1331","","1331"
"P1341","","1341"
"P1342","","1342"
"P1343","","1343"
"P1344","","1344"
"P1347","","1347"
"P1349","","1349"
"P1365","","1365"
"P1366","","1366"
"P1368","","1368"
"P1369","","1369"
"P1370","","1370"
"P1371","","1371"
"P1372","JJ19MZ53","1372"
"P1373","","1373"
"P1374","","1374"
"P1375","","1375"
"P1389","AJ9MZ49","1389"
"P1390","","1390"
"P1391","","1391"
"P1407","","1407"
"P1408","","1408"
"P1409","","1409"
"P1418","","1418"
"P1428","","1428"
"P1429","","1429"
"P1431","","1431"
"P1432","MD22AA45","1432"
"P1436","","1436"
"P1437","MS2MD57","1437"
"P1438","","1438"
"P1439","JA14BZ39","1439"
"P1446","LM20MZ40","1446"
"P1447","SD23AE34","1447"
"P1448","","1448"
"P1449","","1449"
"P1450","","1450"
"P1451","","1451"
"P1461","","1461"
"P1462","","1462"
"P1464","","1464"
"P1465","","1465"
"P1466","","1466"
"P1467","","1467"
"P1468","","1468"
"P1476","","1476"
"P1477","","1477"
"P1478","","1478"
"P1482","","1482"
"P1483","","1483"
"P1484","","1484"
"P1508","","1508"
"P1511","","1511"
"P1521","","1521"
"P1524","","1524"
"P1525","","1525"
"P1526","","1526"
"P1527","","1527"
"P1528","","1528"
"P1529","","1529"
"P1530","","1530"
"P1531","","1531"
"P1532","","1532"
"P1539","","1539"
"P1540","","1540"
"P1545","","1545"
"P1546","","1546"
"P1547","","1547"
"P1548","CN10ME29","1548"
"P1550","AF7GM49","1550"
"P1560","","1560"
"P1561","","1561"
"P1562","","1562"
"P1563","","1563"
"P1564","AS4CA50","1564"
"P1565","","1565"
"P1572","","1572"
"P1573","","1573"
"P1574","","1574"
"P1580","","1580"
"P1587","RM13LJ51","1587"
"P1590","","1590"
"P1591","","1591"
"P1592","","1592"
"P1597","AA24NZ45","1597"
"P1605","","1605"
"P1606","","1606"
"P1607","","1607"
"P1608","","1608"
"P1609","","1609"
"P1610","","1610"
"P1614","","1614"
"P1615","","1615"
"P1632","","1632"
"P1633","","1633"
"P1634","","1634"
"P1635","CS3CH38","1635"
"P1636","","1636"
"P1637","","1637"
"P1641","","1641"
"P1642","","1642"
"P1643","","1643"
"P1653","","1653"
"P1654","FN11NT37","1654"
"P1655","","1655"
"P1656","JJ3CZ51","1656"
"P1657","","1657"
"P1658","RN4AZ60","1658"
"P1665","","1665"
"P1677","","1677"
"P1678","","1678"
"P1679","","1679"
"P1686","","1686"
"P1689","","1689"
"P1690","DE12MZ48","1690"
"P1691","","1691"
"P1692","","1692"
"P1702","","1702"
"P1703","","1703"
"P1726","","1726"
"P1727","CM19CR58","1727"
"P1738","","1738"
"P1739","","1739"
"P1740","","1740"
"P1741","","1741"
"P1742","","1742"
"P1743","","1743"
"P1756","","1756"
"P1757","","1757"
"P1766","","1766"
"P1774","WM6MZ53","1774"
"P1775","","1775"
"P1776","","1776"
"P1777","","1777"
"P1778","JJ13IJ29","1778"
"P1779","","1779"
"P1780","","1780"
"P1781","","1781"
"P1782","","1782"
"P1786","","1786"
"P1787","","1787"
"P2001","AA13MH50",""
"P2002","AD7CJ50",""
"P2004","AS30CM46",""
"P2005","CO27NZ28",""
"P2006","ED1MZ60",""
"P2008","EN8CZ24",""
"P2009","EO31CL35",""
"P2010","FM31CE50",""
"P2012","IA25RZ53",""
"P2013","IE25CM64",""
"P2014","JA20HZ34",""
"P2015","JA25JJ48",""
"P2016","JD24MJ43",""
"P2017","JD9PZ38",""
"P2018","JE17EE39",""
"P2019","JF13LA41",""
"P2020","JJ6ML59",""
"P2021","JM31AZ51",""
"P2022","JO20ME26",""
"P2025","JS20CB28",""
"P2026","LF13LZ27",""
"P2027","LF18MM44",""
"P2028","LN28AZ49",""
"P2029","LO14LA49",""
"P2031","MO10RA47",""
"P2032","MS16LZ21",""
"P2033","NE11AR47",""
"P2034","OJ9RL37",""
"P2036","RM6EZ48",""
"P2038","VD19RE35",""
"P2039","VN7LZ54",""
"P2040","WE22CJ48",""
"P2042","RN29VA53",""
"P2044","CF4EJ38",""
